{"cameraMode":{"drawMode":0,"name":"Shaded","section":"Shading Mode"},"sceneLighting":false,"audioPlay":false,"sceneViewState":{"showFog":true,"showMaterialUpdate":false,"showSkybox":false,"showFlares":true,"showImageEffects":true,"showParticleSystems":true},"in2DMode":false,"pivot":{"x":19.392127990722658,"y":-24.65929412841797,"z":65.99859619140625},"rotation":{"x":0.1822206974029541,"y":0.1135038211941719,"z":-0.021486112847924234,"w":0.9766024351119995},"size":44.334346771240237,"orthographic":false}