{"cameraMode":{"drawMode":0,"name":"Shaded","section":"Shading Mode"},"sceneLighting":false,"audioPlay":false,"sceneViewState":{"showFog":true,"showMaterialUpdate":false,"showSkybox":false,"showFlares":true,"showImageEffects":true,"showParticleSystems":true},"in2DMode":false,"pivot":{"x":17.941368103027345,"y":1.5748283863067628,"z":8.46950912475586},"rotation":{"x":-0.2893829643726349,"y":0.6054974794387817,"z":-0.25222864747047427,"w":-0.6974769234657288},"size":3.953058958053589,"orthographic":false}