{"cameraMode":{"drawMode":0,"name":"Shaded","section":"Shading Mode"},"sceneLighting":false,"audioPlay":false,"sceneViewState":{"showFog":true,"showMaterialUpdate":false,"showSkybox":false,"showFlares":true,"showImageEffects":true,"showParticleSystems":true},"in2DMode":false,"pivot":{"x":8.996999740600586,"y":1.9140000343322755,"z":-8.399999618530274},"rotation":{"x":-0.10747762769460678,"y":-0.6219320893287659,"z":0.08731300383806229,"w":-0.7709137797355652},"size":0.12247485667467118,"orthographic":false}