{"cameraMode":{"drawMode":0,"name":"Shaded","section":"Shading Mode"},"sceneLighting":false,"audioPlay":false,"sceneViewState":{"showFog":true,"showMaterialUpdate":false,"showSkybox":false,"showFlares":true,"showImageEffects":true,"showParticleSystems":true},"in2DMode":false,"pivot":{"x":9.86100959777832,"y":-2.456129789352417,"z":5.498374938964844},"rotation":{"x":-0.14472107589244843,"y":-0.46028152108192446,"z":0.07645496726036072,"w":-0.8726493716239929},"size":8.63354206085205,"orthographic":false}