{"cameraMode":{"drawMode":0,"name":"Shaded","section":"Shading Mode"},"sceneLighting":false,"audioPlay":false,"sceneViewState":{"showFog":true,"showMaterialUpdate":false,"showSkybox":false,"showFlares":true,"showImageEffects":true,"showParticleSystems":true},"in2DMode":false,"pivot":{"x":22.53169059753418,"y":-9.335541725158692,"z":1.4218974113464356},"rotation":{"x":-0.6249001026153565,"y":-0.007448804099112749,"z":0.0060328408144414429,"w":-0.7807111740112305},"size":10.0,"orthographic":false}