{"cameraMode":{"drawMode":0,"name":"Shaded","section":"Shading Mode"},"sceneLighting":false,"audioPlay":false,"sceneViewState":{"showFog":true,"showMaterialUpdate":false,"showSkybox":false,"showFlares":true,"showImageEffects":true,"showParticleSystems":true},"in2DMode":false,"pivot":{"x":2.9786176681518556,"y":-3.13547682762146,"z":1.7121862173080445},"rotation":{"x":-0.11343882232904434,"y":0.7081027030944824,"z":-0.1159394159913063,"w":-0.6874365210533142},"size":7.338657855987549,"orthographic":false}