{"cameraMode":{"drawMode":0,"name":"Shaded","section":"Shading Mode"},"sceneLighting":false,"audioPlay":false,"sceneViewState":{"showFog":true,"showMaterialUpdate":false,"showSkybox":false,"showFlares":true,"showImageEffects":true,"showParticleSystems":true},"in2DMode":false,"pivot":{"x":4.640655994415283,"y":2.254487991333008,"z":-5.492773056030273},"rotation":{"x":0.11048518866300583,"y":-0.729437530040741,"z":0.12156142294406891,"w":0.6641886234283447},"size":0.866025447845459,"orthographic":false}