{"cameraMode":{"drawMode":0,"name":"Shaded","section":"Shading Mode"},"sceneLighting":false,"audioPlay":false,"sceneViewState":{"showFog":true,"showMaterialUpdate":false,"showSkybox":false,"showFlares":true,"showImageEffects":true,"showParticleSystems":true},"in2DMode":false,"pivot":{"x":19.905696868896486,"y":2.4418087005615236,"z":-4.741611957550049},"rotation":{"x":-0.028148498386144639,"y":0.8528926968574524,"z":0.046062905341386798,"w":0.5196426510810852},"size":0.271443247795105,"orthographic":false}