{"cameraMode":{"drawMode":0,"name":"Shaded","section":"Shading Mode"},"sceneLighting":false,"audioPlay":false,"sceneViewState":{"showFog":true,"showMaterialUpdate":false,"showSkybox":false,"showFlares":true,"showImageEffects":true,"showParticleSystems":true},"in2DMode":false,"pivot":{"x":-0.12610414624214173,"y":1.6260000467300416,"z":3.559999942779541},"rotation":{"x":-0.12176645547151566,"y":0.6469815373420715,"z":-0.10359681397676468,"w":-0.7459802031517029},"size":0.12727174162864686,"orthographic":false}