{"cameraMode":{"drawMode":0,"name":"Shaded","section":"Shading Mode"},"sceneLighting":false,"audioPlay":false,"sceneViewState":{"showFog":true,"showMaterialUpdate":false,"showSkybox":false,"showFlares":true,"showImageEffects":true,"showParticleSystems":true},"in2DMode":false,"pivot":{"x":20.83587646484375,"y":2.6696746349334719,"z":3.899287462234497},"rotation":{"x":0.033023588359355929,"y":-0.18720278143882752,"z":-0.0061714984476566319,"w":-0.9818271398544312},"size":1.8807270526885987,"orthographic":false}